{
  "landing_reward": 0.007697247441179653,
  "landing_x": 1894.9116131196063,
  "landing_y": 1975.3022612589943,
  "target_x": 1000.0,
  "target_y": 1000.0,
  "landing_error": 1323.6620777650326,
  "cost_total": 1220.8021913680464,
  "cost_reward": 0,
  "impact_velocity": 10.0,
  "impact_reward": 0.5,
  "structural_failure": false,
  "structural_failure_reward": 1,
  "total_reward": 0.23038807320882576,
  "message": "Simulation successful"
}