{
  "target": {
    "x": 1000.0,
    "y": 1000.0
  },
  "landing": {
    "x": 1894.9116131196063,
    "y": 1975.3022612589943
  },
  "error": 1323.6620777650326,
  "sigma": 50.0,
  "bullseye_class": "UNKNOWN",
  "score": 23.038807320882576
}