{
  "target": {
    "x": 4000.0,
    "y": 4000.0
  },
  "landing": {
    "x": 0.0,
    "y": 0.0
  },
  "error": 5656.85424949238,
  "sigma": 50.0,
  "bullseye_class": "UNKNOWN",
  "score": 25.503776743946748
}